Workbook

Sheet 안내
A1: 구성원 성과 자가점검 · 고과 순위산정 워크북 사용 안내
B3: 1. 전체 프로세스
B4: ① 구성원 배포용 개인 파일(구성원_배포용/자가점검표_<이름>.xlsx)을 나눠주고 작성받습니다.
B5: ② 관리자가 회신받은 값을 이 워크북의 '자가점검표_<이름>' 시트에 붙여넣습니다(B3:B42, 값 붙여넣기).
B6: ③ '동료추천_집계' 시트가 각 구성원 시트의 동료 추천 내용을 자동으로 모으고 추천 횟수를 집계합니다.
B7: ④ '계산_순위표' 시트가 자가점검표의 정량 항목으로 '자가점검 기준점수'를 계산합니다.
B8: ⑤ 팀장이 '1on1_준비노트' 시트에서 필요한 경우에만 조정점수(-10~+10)를 매기고 리뷰 메모를 남깁니다. 이 조정점수가 기준점수에 더해져 최종점수가 됩니다.
B9: ⑥ '계산_순위표' 시트를 CSV로 저장하거나, 구성원 개인 파일들을 ranking_dashboard.html에 그대로 업로드해 그래프로 확인합니다.
B11: 2. 색상 규칙
B12: - 파란색 글자: 사람이 직접 입력하는 칸
B13: - 검은색 글자: 수식으로 자동 계산되는 칸 (직접 수정하지 마세요)
B14: - 노란색 배경: 가중치 등 조정 가능한 파라미터 칸 ('파라미터' 시트)
B16: 3. 모든 항목이 정량화된 이유 + 최소한의 팀장 검수
... B37: - ranking_dashboard.html은 구성원 개인 자가점검표(.xlsx) 여러 개를 한 번에 업로드해 전체 통계와 개인별 1:1 화면을 보여줍니다.

Sheet 파라미터
A1: 점수 산정 파라미터 (노란 칸만 수정)
A3: 전체 가중치 (성과/역량/동료평가)
A4: 성과(What) 가중치 | B4: 0.6
A5: 역량(How) 가중치 | B5: 0.2
A6: 동료평가(Peer) 가중치 | B6: 0.2
A7: 합계 검증 | B7: =SUM(B4:B6) | C7: =IF(ROUND(B7,4)=1,"OK","※ 합계가 100%가 아닙니다")
A9: 성과(What) 세부 산식
A10: 성과환산점수는 중점과제1~3 · 추가과제 · 아쉬운성과 · 기여도 · 성과도, 총 7개 정량 항목(1~10)의 단순 평균 × 10 입니다.
A12: 역량(How) 세부 가중치 (100점 기준)
A13: 전문성 강화노력 점수 가중치 | B13: 40
A14: 학점 환산 가중치 (SKHU+mySuni) | B14: 30
A15: AI 활용 역량 자가점수 가중치 | B15: 30
A16: 세부 합계 검증 | B16: =SUM(B13:B15) | C16: =IF(B16=100,"OK","※ 합계가 100이 아닙니다")
A18: 환산 상한값
A19: 학점 만점 기준 상한 (SKHU+mySuni 합) | B19: 20 | C19: 이 학점 이상이면 학점환산 만점
A20: 동료추천 만점 기준 상한 (횟수) | B20: 4 | C20: 이 횟수 이상 추천받으면 동료환산 만점(100점)

Sheet 자가점검표_템플릿
A1: 구성원 성과 자가점검표 (정량 목표 기반)
A3: 이름 | B3: (이름 입력)
A4: 파트/팀 | B4: (파트 입력)
A5: 직급 | B5: (직급 입력)
A6: 평가연도 | B6: 2026
A8: Ⅰ. 성과 (What) — 정량 목표 → 달성 결과 → 자가평가 점수(1~10)
A9: 중점과제 1순위 — 과제명 및 정량 목표
A10: 달성 결과 (정량)
A11: 자가평가 점수 (1~10)
A12: 중점과제 2순위 — 과제명 및 정량 목표
A13: 달성 결과 (정량)
A14: 자가평가 점수 (1~10)
A15: 중점과제 3순위 — 과제명 및 정량 목표
A16: 달성 결과 (정량)
A17: 자가평가 점수 (1~10)
A18: 추가 과제 — 과제명 및 정량 목표
A19: 달성 결과 (정량)
... A44: ※ 이 시트를 복제하여 시트명을 '자가점검표_<이름>' 형식으로 변경한 뒤 사용하세요. 파란색 글자 칸(B열)만 입력하면 됩니다. 모든 항목은 '정량 목표 -> 달성 결과 -> 자가평가 점수(1~10)' 3단으로 구성되어 있으니, 목표와 결과에는 가능한 숫자(%, 건수, 일수, 시간 등)를 포함해 적어주세요. 점수 항목은 1~10 사이 정수만 허용됩니다.

Sheet 자가점검표_홍길동
A1: 구성원 성과 자가점검표 (정량 목표 기반)
A3: 이름 | B3: 홍길동
A4: 파트/팀 | B4: 개발파트
A5: 직급 | B5: 선임
A6: 평가연도 | B6: 2026
A8: Ⅰ. 성과 (What) — 정량 목표 → 달성 결과 → 자가평가 점수(1~10)
A9: 중점과제 1순위 — 과제명 및 정량 목표 | B9: 공정 수율 개선 — 목표: 수율 95% 이상
A10: 달성 결과 (정량) | B10: 수율 96.2% 달성(목표 대비 +1.2%p), 불량률 30% 감소
A11: 자가평가 점수 (1~10) | B11: 9
A12: 중점과제 2순위 — 과제명 및 정량 목표 | B12: 설비 예방정비 체계 고도화 — 목표: 비가동시간 10% 이상 단축
A13: 달성 결과 (정량) | B13: 비가동시간 15% 단축 달성
A14: 자가평가 점수 (1~10) | B14: 8
A15: 중점과제 3순위 — 과제명 및 정량 목표 | B15: 신규 라인 셋업 지원 — 목표: 셋업 기간 3주 이내
A16: 달성 결과 (정량) | B16: 셋업 기간 2주로 단축, 목표 초과 달성
A17: 자가평가 점수 (1~10) | B17: 9
A18: 추가 과제 — 과제명 및 정량 목표 | B18: 사내 데이터 분석 스터디 운영 — 목표: 분기 4회 이상
A19: 달성 결과 (정량) | B19: 분기 4회 진행 완료
A20: 자가평가 점수 (1~10) | B20: 7
A21: 가장 아쉬운 성과 (목표 대비 부족했던 점, 정량 포함) | B21: 설비 장애 대응 매뉴얼 개정(목표: 상반기 완료) 대비 3주 지연
A22: 자가평가 점수 (1~10, 낮을수록 아쉬움이 컸음) | B22: 6
A23: 팀 기여도 — 근거 (선택) | B23: 핵심 과제 3건 모두 목표 초과 달성으로 팀 KPI 기여
A24: 내가 팀 성과에 기여한 정도 (1~10, 정량) | B24: 8
A25: 종합 성과 자가평가 — 근거 (선택) | B25: 선임으로서 후배 멘토링 포함 종합 성과
A26: 자신의 역할에 비추어 올해 성과도 자가평가 (1~10, 정량) | B26: 8
A28: Ⅱ. 역량 (How) — 정량 목표 → 달성 결과 → 자가평가 점수(1~10)
A29: 전문성 강화를 위한 노력 — 정량 목표 | B29: 통계 분석 사내교육 40시간 이수
A30: 달성 결과 (정량) | B30: 42시간 이수 완료
A31: 자가평가 점수 (1~10) | B31: 8
A32: 지식측면: SKHU 수료 학점 | B32: 6
A33: 지식측면: mySuni 수료 학점 | B33: 4
A34: AI 활용 역량 — 정량 목표 (예: 월 N회 이상 활용) | B34: 업무에 AI 도구 월 4회 이상 활용
A35: 달성 결과 (정량) | B35: 월 평균 6회 활용(이상탐지 모델 프로토타입 등)
A36: 자가평가 점수 (1~10) | B36: 8
A38: Ⅲ. 동료평가 (Peer) 추천 — 본인파트 1명 + 타파트 1명
A39: 본인 파트 추천 동료 - 이름 | B39: 김영희
A40: 본인 파트 추천 동료 - 추천 사유 | B40: 데이터 기반 문제해결 방식이 팀 전체 업무 표준화에 크게 기여함
A41: 타 파트 추천 동료 - 이름 | B41: 이철수
A42: 타 파트 추천 동료 - 추천 사유 | B42: 기획-현업 협업 시 데이터 요청에 신속하고 정확하게 대응함

Sheet 자가점검표_김영희
A1: 구성원 성과 자가점검표 (정량 목표 기반)
A3: 이름 | B3: 김영희
A4: 파트/팀 | B4: 개발파트
A5: 직급 | B5: 책임
A6: 평가연도 | B6: 2026
A8: Ⅰ. 성과 (What) — 정량 목표 → 달성 결과 → 자가평가 점수(1~10)
A9: 중점과제 1순위 — 과제명 및 정량 목표 | B9: 품질 이슈 Root Cause 분석체계 구축 — 목표: 분석 리드타임 30% 단축
A10: 달성 결과 (정량) | B10: 리드타임 40% 단축, 재발률 20%p 감소
A11: 자가평가 점수 (1~10) | B11: 10
A12: 중점과제 2순위 — 과제명 및 정량 목표 | B12: 협력사 품질 감사 프로세스 개선 — 목표: 감사 소요일 2일 이내
A13: 달성 결과 (정량) | B13: 감사 소요일 1.5일로 단축
A14: 자가평가 점수 (1~10) | B14: 9
A15: 중점과제 3순위 — 과제명 및 정량 목표 | B15: 신입 OJT 프로그램 설계 — 목표: 만족도 4.5/5.0 이상
A16: 달성 결과 (정량) | B16: 만족도 4.6/5.0 달성
A17: 자가평가 점수 (1~10) | B17: 9
A18: 추가 과제 — 과제명 및 정량 목표 | B18: 품질 데이터 대시보드 구축 — 목표: 부서 공용 대시보드 1건 오픈
A19: 달성 결과 (정량) | B19: 대시보드 오픈, 부서 전체 사용 중
A20: 자가평가 점수 (1~10) | B20: 8
A21: 가장 아쉬운 성과 (목표 대비 부족했던 점, 정량 포함) | B21: 협력사 감사 프로세스 전사 확산(목표: 3개 부서) 대비 1개 부서만 적용
A22: 자가평가 점수 (1~10, 낮을수록 아쉬움이 컸음) | B22: 6
A23: 팀 기여도 — 근거 (선택) | B23: 품질 체계 개선이 전사 지표에 직접 반영
A24: 내가 팀 성과에 기여한 정도 (1~10, 정량) | B24: 9
A25: 종합 성과 자가평가 — 근거 (선택)
A26: 자신의 역할에 비추어 올해 성과도 자가평가 (1~10, 정량) | B26: 9
A28: Ⅱ. 역량 (How) — 정량 목표 → 달성 결과 → 자가평가 점수(1~10)
A29: 전문성 강화를 위한 노력 — 정량 목표 | B29: 통계 심화 과정 1개 수료
A30: 달성 결과 (정량) | B30: 과정 수료 완료
A31: 자가평가 점수 (1~10) | B31: 8
A32: 지식측면: SKHU 수료 학점 | B32: 8
A33: 지식측면: mySuni 수료 학점 | B33: 6
A34: AI 활용 역량 — 정량 목표 (예: 월 N회 이상 활용) | B34: 불량 예측 모델 PoC 1건 진행
A35: 달성 결과 (정량) | B35: PoC 진행, 정확도 82% 확인
A36: 자가평가 점수 (1~10) | B36: 7
A38: Ⅲ. 동료평가 (Peer) 추천 — 본인파트 1명 + 타파트 1명
A39: 본인 파트 추천 동료 - 이름 | B39: 홍길동
A40: 본인 파트 추천 동료 - 추천 사유 | B40: 공정 이슈 발생 시 근본 원인 분석을 함께 리드하며 신뢰도 높은 협업을 보여줌
A41: 타 파트 추천 동료 - 이름 | B41: 이철수
A42: 타 파트 추천 동료 - 추천 사유 | B42: 품질-기획 간 일정 조율에서 상호 입장을 잘 이해하고 합리적으로 조정함

Sheet 자가점검표_이철수
A1: 구성원 성과 자가점검표 (정량 목표 기반)
A3: 이름 | B3: 이철수
A4: 파트/팀 | B4: 기획파트
A5: 직급 | B5: 선임
A6: 평가연도 | B6: 2026
A8: Ⅰ. 성과 (What) — 정량 목표 → 달성 결과 → 자가평가 점수(1~10)
A9: 중점과제 1순위 — 과제명 및 정량 목표 | B9: 연간 사업계획 수립 프로세스 개선 — 목표: 수립 기간 20% 단축
A10: 달성 결과 (정량) | B10: 수립 기간 3주 단축(약 25%)
A11: 자가평가 점수 (1~10) | B11: 8
A12: 중점과제 2순위 — 과제명 및 정량 목표 | B12: 신규 투자 타당성 분석 — 목표: 분석 2건 완료
A13: 달성 결과 (정량) | B13: 2건 완료, 모두 승인
A14: 자가평가 점수 (1~10) | B14: 7
A15: 중점과제 3순위 — 과제명 및 정량 목표 | B15: 경쟁사 벤치마킹 리포트 — 목표: 분기 1회 정기 발간
A16: 달성 결과 (정량) | B16: 분기별 정기 발간 체계 구축 완료
A17: 자가평가 점수 (1~10) | B17: 7
A18: 추가 과제 — 과제명 및 정량 목표 | B18: 사내 뉴스레터 기획 — 목표: 월 1회 발행
A19: 달성 결과 (정량) | B19: 월 1회 발행, 총 6회
A20: 자가평가 점수 (1~10) | B20: 6
A21: 가장 아쉬운 성과 (목표 대비 부족했던 점, 정량 포함) | B21: 사업계획 수립 시 현업 의견수렴(목표: 3개 부서 인터뷰) 대비 2개 부서만 진행
A22: 자가평가 점수 (1~10, 낮을수록 아쉬움이 컸음) | B22: 5
A23: 팀 기여도 — 근거 (선택)
A24: 내가 팀 성과에 기여한 정도 (1~10, 정량) | B24: 7
A25: 종합 성과 자가평가 — 근거 (선택)
A26: 자신의 역할에 비추어 올해 성과도 자가평가 (1~10, 정량) | B26: 6
A28: Ⅱ. 역량 (How) — 정량 목표 → 달성 결과 → 자가평가 점수(1~10)
A29: 전문성 강화를 위한 노력 — 정량 목표 | B29: 리더십 과정 1개 이수
A30: 달성 결과 (정량) | B30: 이수 완료
A31: 자가평가 점수 (1~10) | B31: 6
A32: 지식측면: SKHU 수료 학점 | B32: 4
A33: 지식측면: mySuni 수료 학점 | B33: 2
A34: AI 활용 역량 — 정량 목표 (예: 월 N회 이상 활용) | B34: AI 리서치 도구로 보고서 작성 시간 20% 단축
A35: 달성 결과 (정량) | B35: 작성 시간 15% 단축
A36: 자가평가 점수 (1~10) | B36: 6
A38: Ⅲ. 동료평가 (Peer) 추천 — 본인파트 1명 + 타파트 1명
A39: 본인 파트 추천 동료 - 이름 | B39: 박민수
A40: 본인 파트 추천 동료 - 추천 사유 | B40: 사업계획 수립 과정에서 꼼꼼한 데이터 검증으로 리스크를 사전에 줄여줌
A41: 타 파트 추천 동료 - 이름 | B41: 홍길동
A42: 타 파트 추천 동료 - 추천 사유 | B42: 현업 데이터 요청에 적극적으로 협조하여 기획 품질을 높여줌

Sheet 자가점검표_박민수
A1: 구성원 성과 자가점검표 (정량 목표 기반)
A3: 이름 | B3: 박민수
A4: 파트/팀 | B4: 기획파트
A5: 직급 | B5: 책임
A6: 평가연도 | B6: 2026
A8: Ⅰ. 성과 (What) — 정량 목표 → 달성 결과 → 자가평가 점수(1~10)
A9: 중점과제 1순위 — 과제명 및 정량 목표 | B9: 중장기 R&D 로드맵 수립 — 목표: 로드맵 확정 및 승인
A10: 달성 결과 (정량) | B10: 로드맵 확정, 경영진 승인 완료
A11: 자가평가 점수 (1~10) | B11: 8
A12: 중점과제 2순위 — 과제명 및 정량 목표 | B12: 정부 R&D 과제 기획/신청 — 목표: 1건 이상 선정
A13: 달성 결과 (정량) | B13: 1건 선정, 예산 확보
A14: 자가평가 점수 (1~10) | B14: 8
A15: 중점과제 3순위 — 과제명 및 정량 목표 | B15: 부서간 협업 R&D 과제 조율 — 목표: 착수 지연 2주 이내
A16: 달성 결과 (정량) | B16: 착수 지연 1주로 최소화
A17: 자가평가 점수 (1~10) | B17: 7
A18: 추가 과제 — 과제명 및 정량 목표 | B18: R&D 성과관리 체계 개선 제안 — 목표: 개선안 1건 제출
A19: 달성 결과 (정량) | B19: 개선안 제출 및 일부 채택
A20: 자가평가 점수 (1~10) | B20: 7
A21: 가장 아쉬운 성과 (목표 대비 부족했던 점, 정량 포함) | B21: 정부 과제 신청서 품질 목표(외부 검토 2회) 대비 1회만 진행
A22: 자가평가 점수 (1~10, 낮을수록 아쉬움이 컸음) | B22: 6
A23: 팀 기여도 — 근거 (선택)
A24: 내가 팀 성과에 기여한 정도 (1~10, 정량) | B24: 6
A25: 종합 성과 자가평가 — 근거 (선택)
A26: 자신의 역할에 비추어 올해 성과도 자가평가 (1~10, 정량) | B26: 7
A28: Ⅱ. 역량 (How) — 정량 목표 → 달성 결과 → 자가평가 점수(1~10)
A29: 전문성 강화를 위한 노력 — 정량 목표 | B29: 특허/기술동향 분석 교육 이수
A30: 달성 결과 (정량) | B30: 이수 완료
A31: 자가평가 점수 (1~10) | B31: 7
A32: 지식측면: SKHU 수료 학점 | B32: 5
A33: 지식측면: mySuni 수료 학점 | B33: 5
A34: AI 활용 역량 — 정량 목표 (예: 월 N회 이상 활용) | B34: AI 리서치 도구로 동향 분석 보고서 월 2건 이상 작성
A35: 달성 결과 (정량) | B35: 월 평균 3건 작성
A36: 자가평가 점수 (1~10) | B36: 9
A38: Ⅲ. 동료평가 (Peer) 추천 — 본인파트 1명 + 타파트 1명
A39: 본인 파트 추천 동료 - 이름 | B39: 이철수
A40: 본인 파트 추천 동료 - 추천 사유 | B40: 복잡한 이해관계 조정 상황에서 침착하고 논리적으로 문제를 해결함
A41: 타 파트 추천 동료 - 이름 | B41: 홍길동
A42: 타 파트 추천 동료 - 추천 사유 | B42: 현업 관점에서 R&D 우선순위에 대한 현실적인 피드백을 제공함

Sheet 동료추천_집계
A1: 동료평가(Peer) 추천 자동 집계
A3: 추천자 | B3: 파트 | C3: 본인파트 추천대상 | D3: 본인파트 추천사유 | E3: 타파트 추천대상 | F3: 타파트 추천사유
A4: 홍길동 | B4: =INDIRECT("'자가점검표_"&A4&"'!B4") | C4: =INDIRECT("'자가점검표_"&A4&"'!B39") | D4: =INDIRECT("'자가점검표_"&A4&"'!B40") | E4: =INDIRECT("'자가점검표_"&A4&"'!B41") | F4: =INDIRECT("'자가점검표_"&A4&"'!B42")
A5: 김영희 | B5: =INDIRECT("'자가점검표_"&A5&"'!B4") | C5: =INDIRECT("'자가점검표_"&A5&"'!B39") | D5: =INDIRECT("'자가점검표_"&A5&"'!B40") | E5: =INDIRECT("'자가점검표_"&A5&"'!B41") | F5: =INDIRECT("'자가점검표_"&A5&"'!B42")
A6: 이철수 | B6: =INDIRECT("'자가점검표_"&A6&"'!B4") | C6: =INDIRECT("'자가점검표_"&A6&"'!B39") | D6: =INDIRECT("'자가점검표_"&A6&"'!B40") | E6: =INDIRECT("'자가점검표_"&A6&"'!B41") | F6: =INDIRECT("'자가점검표_"&A6&"'!B42")
A7: 박민수 | B7: =INDIRECT("'자가점검표_"&A7&"'!B4") | C7: =INDIRECT("'자가점검표_"&A7&"'!B39") | D7: =INDIRECT("'자가점검표_"&A7&"'!B40") | E7: =INDIRECT("'자가점검표_"&A7&"'!B41") | F7: =INDIRECT("'자가점검표_"&A7&"'!B42")
A9: 대상자별 추천받은 횟수
A10: 이름 | B10: 추천받은 횟수
A11: 홍길동 | B11: =COUNTIF($C$4:$C$7,A11)+COUNTIF($E$4:$E$7,A11)
A12: 김영희 | B12: =COUNTIF($C$4:$C$7,A12)+COUNTIF($E$4:$E$7,A12)
A13: 이철수 | B13: =COUNTIF($C$4:$C$7,A13)+COUNTIF($E$4:$E$7,A13)
A14: 박민수 | B14: =COUNTIF($C$4:$C$7,A14)+COUNTIF($E$4:$E$7,A14)

Sheet 1on1_준비노트
A1: 1:1 리뷰 준비 노트 + 팀장 조정점수
A2: 조정점수는 자가점수 부풀리기를 막기 위한 소폭 보정용입니다(-10~+10, 가중치 없이 최종점수에 그대로 더해짐). 특별한 사유가 없으면 0으로 둡니다.
A4: 이름 | B4: 파트 | C4: 팀장 조정점수(-10~+10) | D4: 1:1 준비 메모
A5: 홍길동 | B5: =INDIRECT("'자가점검표_"&A5&"'!B4") | C5: 1 | D5: 핵심 과제 초과달성 축하. 설비 매뉴얼 지연 원인과 재발방지 계획을 함께 점검.
A6: 김영희 | B6: =INDIRECT("'자가점검표_"&A6&"'!B4") | C6: -2 | D6: 품질 체계 개선 성과 우수. 다만 일부 자가점수가 다소 후한 편으로 보여 소폭 하향 조정. 전사 확산 계획을 함께 수립.
A7: 이철수 | B7: =INDIRECT("'자가점검표_"&A7&"'!B4") | C7: 5 | D7: 계획 수행은 견고했으나 자가점수가 다소 박한 편으로 보여 상향 조정. 현업 의견수렴 프로세스 보완 방안 논의.
A8: 박민수 | B8: =INDIRECT("'자가점검표_"&A8&"'!B4") | C8: 0 | D8: R&D 로드맵 성과 확인. 신청서 품질 관리 프로세스 논의.

Sheet 계산_순위표
A1: 구성원 고과 순위산정표 (전 항목 정량 자가점검 기반)
A3: 이름 | B3: 파트 | C3: 중점과제1 | D3: 중점과제2 | E3: 중점과제3 | F3: 추가과제 | G3: 아쉬운성과 | H3: 기여도 | I3: 성과도 | J3: 성과환산점수(100) | K3: 전문성점수 | L3: SKHU학점 | M3: mySuni학점 | N3: AI점수 | O3: 역량환산점수(100) | P3: 추천받은횟수 | Q3: 동료환산점수(100) | R3: 자가점검 기준점수(100) | S3: 팀장조정점수 | T3: 추천가산점 | U3: 최종점수 | V3: 순위
A4: 홍길동 | B4: =INDIRECT("'자가점검표_"&A4&"'!B4") | C4: =INDIRECT("'자가점검표_"&A4&"'!B11") | D4: =INDIRECT("'자가점검표_"&A4&"'!B14") | E4: =INDIRECT("'자가점검표_"&A4&"'!B17") | F4: =INDIRECT("'자가점검표_"&A4&"'!B20") | G4: =INDIRECT("'자가점검표_"&A4&"'!B22") | H4: =INDIRECT("'자가점검표_"&A4&"'!B24") | I4: =INDIRECT("'자가점검표_"&A4&"'!B26") | J4: =AVERAGE(C4:I4)*10 | K4: =INDIRECT("'자가점검표_"&A4&"'!B31") | L4: =INDIRECT("'자가점검표_"&A4&"'!B32") | M4: =INDIRECT("'자가점검표_"&A4&"'!B33") | N4: =INDIRECT("'자가점검표_"&A4&"'!B36") | O4: =(K4/10*파라미터!$B$13)+(MIN(L4+M4,파라미터!$B$19)/파라미터!$B$19*파라미터!$B$14)+(N4/10*파라미터!$B$15) | P4: =동료추천_집계!B11 | Q4: =MIN(P4,파라미터!$B$20)/파라미터!$B$20*100 | R4: =J4*파라미터!$B$4+O4*파라미터!$B$5+Q4*파라미터!$B$6 | S4: ='1on1_준비노트'!C5 | T4: =P4 | U4: =MAX(0,MIN(100,R4+S4+T4)) | V4: =RANK(U4,$U$4:$U$7,0)
A5: 김영희 | B5: =INDIRECT("'자가점검표_"&A5&"'!B4") | C5: =INDIRECT("'자가점검표_"&A5&"'!B11") | D5: =INDIRECT("'자가점검표_"&A5&"'!B14") | E5: =INDIRECT("'자가점검표_"&A5&"'!B17") | F5: =INDIRECT("'자가점검표_"&A5&"'!B20") | G5: =INDIRECT("'자가점검표_"&A5&"'!B22") | H5: =INDIRECT("'자가점검표_"&A5&"'!B24") | I5: =INDIRECT("'자가점검표_"&A5&"'!B26") | J5: =AVERAGE(C5:I5)*10 | K5: =INDIRECT("'자가점검표_"&A5&"'!B31") | L5: =INDIRECT("'자가점검표_"&A5&"'!B32") | M5: =INDIRECT("'자가점검표_"&A5&"'!B33") | N5: =INDIRECT("'자가점검표_"&A5&"'!B36") | O5: =(K5/10*파라미터!$B$13)+(MIN(L5+M5,파라미터!$B$19)/파라미터!$B$19*파라미터!$B$14)+(N5/10*파라미터!$B$15) | P5: =동료추천_집계!B12 | Q5: =MIN(P5,파라미터!$B$20)/파라미터!$B$20*100 | R5: =J5*파라미터!$B$4+O5*파라미터!$B$5+Q5*파라미터!$B$6 | S5: ='1on1_준비노트'!C6 | T5: =P5 | U5: =MAX(0,MIN(100,R5+S5+T5)) | V5: =RANK(U5,$U$4:$U$7,0)
A6: 이철수 | B6: =INDIRECT("'자가점검표_"&A6&"'!B4") | C6: =INDIRECT("'자가점검표_"&A6&"'!B11") | D6: =INDIRECT("'자가점검표_"&A6&"'!B14") | E6: =INDIRECT("'자가점검표_"&A6&"'!B17") | F6: =INDIRECT("'자가점검표_"&A6&"'!B20") | G6: =INDIRECT("'자가점검표_"&A6&"'!B22") | H6: =INDIRECT("'자가점검표_"&A6&"'!B24") | I6: =INDIRECT("'자가점검표_"&A6&"'!B26") | J6: =AVERAGE(C6:I6)*10 | K6: =INDIRECT("'자가점검표_"&A6&"'!B31") | L6: =INDIRECT("'자가점검표_"&A6&"'!B32") | M6: =INDIRECT("'자가점검표_"&A6&"'!B33") | N6: =INDIRECT("'자가점검표_"&A6&"'!B36") | O6: =(K6/10*파라미터!$B$13)+(MIN(L6+M6,파라미터!$B$19)/파라미터!$B$19*파라미터!$B$14)+(N6/10*파라미터!$B$15) | P6: =동료추천_집계!B13 | Q6: =MIN(P6,파라미터!$B$20)/파라미터!$B$20*100 | R6: =J6*파라미터!$B$4+O6*파라미터!$B$5+Q6*파라미터!$B$6 | S6: ='1on1_준비노트'!C7 | T6: =P6 | U6: =MAX(0,MIN(100,R6+S6+T6)) | V6: =RANK(U6,$U$4:$U$7,0)
A7: 박민수 | B7: =INDIRECT("'자가점검표_"&A7&"'!B4") | C7: =INDIRECT("'자가점검표_"&A7&"'!B11") | D7: =INDIRECT("'자가점검표_"&A7&"'!B14") | E7: =INDIRECT("'자가점검표_"&A7&"'!B17") | F7: =INDIRECT("'자가점검표_"&A7&"'!B20") | G7: =INDIRECT("'자가점검표_"&A7&"'!B22") | H7: =INDIRECT("'자가점검표_"&A7&"'!B24") | I7: =INDIRECT("'자가점검표_"&A7&"'!B26") | J7: =AVERAGE(C7:I7)*10 | K7: =INDIRECT("'자가점검표_"&A7&"'!B31") | L7: =INDIRECT("'자가점검표_"&A7&"'!B32") | M7: =INDIRECT("'자가점검표_"&A7&"'!B33") | N7: =INDIRECT("'자가점검표_"&A7&"'!B36") | O7: =(K7/10*파라미터!$B$13)+(MIN(L7+M7,파라미터!$B$19)/파라미터!$B$19*파라미터!$B$14)+(N7/10*파라미터!$B$15) | P7: =동료추천_집계!B14 | Q7: =MIN(P7,파라미터!$B$20)/파라미터!$B$20*100 | R7: =J7*파라미터!$B$4+O7*파라미터!$B$5+Q7*파라미터!$B$6 | S7: ='1on1_준비노트'!C8 | T7: =P7 | U7: =MAX(0,MIN(100,R7+S7+T7)) | V7: =RANK(U7,$U$4:$U$7,0)
A10: ※ 순위는 최종점수 내림차순 기준(RANK). 정렬해서 보려면 표를 선택한 뒤 데이터>정렬을 이용하세요. 이 시트를 CSV로 저장하거나, 구성원 개인 자가점검표 파일들을 ranking_dashboard.html에 직접 업로드해도 동일하게 계산됩니다.
